{"predictions": [{"label": 3, "accuracy": 82.35589265823364}, {"label": 5, "accuracy": 9.313340485095978}, {"label": 9, "accuracy": 3.8562946021556854}]}